comparison,metric,n,high_minus_control_mean,high_over_control_mean,high_better_rate
high_rho_route_vs_low_rho_route,abs_delta_entropy,288,0.0025984206398470167,1.111919331791029,0.5902777777777778
high_rho_route_vs_low_rho_route,abs_delta_varentropy,288,0.005424330170597139,1.1150316765469812,0.5486111111111112
high_rho_route_vs_random_route,abs_delta_entropy,288,0.0016547458853597762,1.0756932345594206,0.6180555555555556
high_rho_route_vs_random_route,abs_delta_varentropy,288,0.003932508371914318,1.0933791814208382,0.6041666666666666
high_rho_route_vs_entropy_gradient_route,abs_delta_entropy,288,0.00560344787947034,1.2146811494550982,1.0
high_rho_route_vs_entropy_gradient_route,abs_delta_varentropy,288,0.009042237879612378,2.0524772097466357,0.8784722222222222
high_rho_route_vs_varentropy_gradient_route,abs_delta_entropy,288,0.0068873515552057216,1.57985510119186,1.0
high_rho_route_vs_varentropy_gradient_route,abs_delta_varentropy,288,0.005896199039870136,1.1048865077185175,0.8506944444444444
