route_role,n,accuracy,ece,nll,brier,confidence,mean_rho,mean_full_vocab_kl,mean_top10_jaccard,accuracy_loss_rate,mean_delta_nll,mean_delta_brier,mean_delta_target_prob
clean_baseline,57,0.017543859649122806,0.030966490577822796,8.914662926490433,1.0089718423462142,0.04851035022694561,,,,,,,
high_rho_route,57,0.38596491228070173,0.09229693512723944,4.3608868548065205,0.6808587394020719,0.34992057635802865,0.7428221069911262,0.002426087944532894,0.9425837320574164,0.0,-0.014643506180073916,-0.006771260130784049,0.005601066871370643
low_rho_route,57,0.05263157894736842,0.03203013639087291,7.046303367203781,0.9815043135966649,0.055301168889917006,0.3613876185655961,0.0025797114969651814,0.9425837320574164,0.0,-0.005145313182651701,-0.0014680079267986265,0.00045021939244483045
random_route,57,0.38596491228070173,0.12120417266846129,4.2607188016065995,0.6979720571394473,0.3286927581299312,0.7266086110440398,0.001989052064354133,0.9558745348219033,0.0,-0.020872957517900474,-0.0064733695985787825,0.005025452916291123
