model,subspace_family,n,rho_mean,actual_min_cost_mean,estimated_linear_min_cost_mean,edit_success_rate,safe_success_rate,side_top1_flip_rate_mean,side_kl_mean,side_top10_jaccard_mean
distilbert-base-uncased,delta_pca,48,0.5275473236284282,5.097436826998001,6.23239378594333,0.75,0.0,0.6145833333333334,0.3835498414724647,0.3834163451560575
distilbert-base-uncased,random,48,0.5022184638204866,5.308267457672954,6.525692126498334,0.6458333333333334,0.020833333333333332,0.5885416666666666,0.328930586111217,0.399400953286241
distilbert-base-uncased,state_pca,48,0.5408127722223488,4.279729482127231,4.707797785244878,0.875,0.0,0.6024305555555556,0.3198221979960525,0.41056018989133025
google/bert_uncased_L-2_H-128_A-2,delta_pca,32,0.4961576936862218,4.9015250968898805,4.999275429578164,0.75,0.0,0.5859375,0.3456051391129358,0.4669628026342423
google/bert_uncased_L-2_H-128_A-2,random,32,0.556198774982905,4.6788822967573935,4.892826915143597,0.875,0.0,0.5598958333333334,0.44808141022813214,0.43664152244599225
google/bert_uncased_L-2_H-128_A-2,state_pca,32,0.4706401027454657,5.093333041090835,5.468569183347114,0.71875,0.0,0.578125,0.453784460645559,0.45470189367127256
