rho_quartile,n,rho_mean,actual_min_cost_mean,estimated_linear_min_cost_mean,edit_success_rate,side_top1_flip_rate_mean,side_kl_mean,side_top10_jaccard_mean
q1_low,60,0.2869307021520328,4.788160703567584,5.304456995705267,0.8166666666666667,0.5527777777777777,0.28254080623988803,0.45789452003009795
q2,60,0.4371949982390614,5.4576594185925265,6.276780541994694,0.65,0.6,0.3880572893644564,0.39026370635632757
q3,60,0.5714525997550166,4.777477927120273,5.451108282727044,0.8333333333333334,0.6208333333333333,0.4379297065012337,0.39292136097476654
q4_high,60,0.7731493856786826,4.551043862685157,5.132719286025629,0.7666666666666667,0.5902777777777778,0.38263217035107705,0.43805238663984797
