analysis,epsilon,metric,n_high,n_low,high_mean,low_mean,mean_difference,mean_difference_ci_low,mean_difference_ci_high,ratio,ratio_ci_low,ratio_ci_high,cohen_d,cohen_d_ci_low,cohen_d_ci_high,standardized_mean_difference,standardized_mean_difference_ci_low,standardized_mean_difference_ci_high
rho_quartile_q4_minus_q1,0.25,abs_delta_entropy,1439,1440,0.03973961045171343,0.0012623255632263969,0.038477284888487034,0.0370947358797249,0.0397276205117744,31.481268865491693,29.73489845916041,33.47213692274393,2.0620024900671043,1.982186953573154,2.147255333170678,2.0620024900671043,1.982186953573154,2.147255333170678
rho_quartile_q4_minus_q1,0.25,abs_delta_varentropy,1439,1440,0.07253549125440277,0.004762501478605413,0.06777298977579736,0.06498529107688934,0.07082435571978354,15.230544616154763,14.089123233366815,16.657581226014937,1.6313069609630702,1.5629018651489157,1.7119898451337139,1.6313069609630702,1.5629018651489157,1.7119898451337139
rho_quartile_q4_minus_q1,0.5,abs_delta_entropy,1439,1440,0.07762007538756155,0.003044666911161446,0.07457540847640011,0.07206229335289355,0.07731722285001076,25.49378229290504,23.930288052715852,27.13184915026508,2.034833402756836,1.9598450025085068,2.113238144846874,2.034833402756836,1.9598450025085068,2.113238144846874
rho_quartile_q4_minus_q1,0.5,abs_delta_varentropy,1439,1440,0.1430356251695993,0.01043166470099937,0.13260396046859993,0.12688015456434906,0.13835766000260702,13.711677787716496,12.699555306807307,14.894307974638627,1.6654906933573586,1.5965092122177218,1.7417335678676003,1.6654906933573586,1.5965092122177218,1.7417335678676003
rho_quartile_q4_minus_q1,1.0,abs_delta_entropy,1439,1440,0.14687087169810542,0.010812039097524869,0.13605883260058055,0.1306958443153281,0.14125483870364353,13.584012263859426,12.71664944466556,14.596230956501211,1.902123036344831,1.8290154023008816,1.9831212528607305,1.902123036344831,1.8290154023008816,1.9831212528607305
rho_quartile_q4_minus_q1,1.0,abs_delta_varentropy,1439,1440,0.27464417666942587,0.02914628281042967,0.2454978938589962,0.23489620466678962,0.2568230857701496,9.422957241434148,8.793114823475019,10.172588258031888,1.6748346813861315,1.612933023594563,1.7443239566231616,1.6748346813861315,1.612933023594563,1.7443239566231616
