epsilon,outcome,n,pearson_rho_outcome,partial_corr_after_entropy_varentropy_trace
0.25,delta_entropy,1920,0.8113100153018914,0.7813822191116588
0.25,abs_delta_varentropy,1920,0.6294439912231168,0.5127754839497412
0.25,top1_changed_within_topk,1920,-0.09588628980979316,-0.03549376089313871
0.5,delta_entropy,1920,0.8162301260830876,0.7741257747110258
0.5,abs_delta_varentropy,1920,0.6406104182745215,0.5178809253054562
0.5,top1_changed_within_topk,1920,-0.12721338565089266,-0.052253058832331896
1.0,delta_entropy,1920,0.8248781381513074,0.7605546152419022
1.0,abs_delta_varentropy,1920,0.6561553295953367,0.5231178222252301
1.0,top1_changed_within_topk,1920,-0.17682482953261913,-0.049175343542896974
