action,n,coverage,error_rate,rho_action_mean,predicted_correct_mean
abstain_or_route,28,0.21212121212121213,1.0,4.892857142857143,0.01540595329573313
accept,40,0.30303030303030304,0.2,20.7,0.8913454580723809
intervene_or_retrieve,43,0.32575757575757575,0.8372093023255814,30.697674418604652,0.20028159094182893
pass_to_other_model,21,0.1590909090909091,0.8095238095238095,5.619047619047619,0.24544452854099852
