route,layer,n,rho_mean,rho_median
delta_pca,12,36,0.5694305233684733,0.5702619192412652
delta_pca,23,36,0.5382619057134365,0.5579920209586102
random,12,36,0.47870869232903096,0.4827888225883093
random,23,36,0.5564637518525687,0.6526165290178388
state_pca,12,36,0.01845259770319206,0.007706289290035511
state_pca,23,36,0.510099932256606,0.5544697134654863
