action,n,coverage,error_rate,rho_action_mean,predicted_correct_mean
abstain_or_route,32,0.24242424242424243,1.0,0.7561016906948993,0.015597540024532154
accept,40,0.30303030303030304,0.2,0.9196596997081405,0.8944011987760996
intervene_or_retrieve,26,0.19696969696969696,0.8461538461538461,0.9849003128154705,0.2093330903239669
pass_to_other_model,34,0.25757575757575757,0.7941176470588235,0.8517098885373784,0.22520372952823986
