policy,n,accuracy,brier,log_loss,auroc,average_precision,aurc_mean_risk,risk_at_50pct_coverage,risk_at_80pct_coverage,high_pred_reliable_error_rate,high_pred_reliable_coverage,top20pct_error_rate
pred_baseline,132,0.32575757575757575,0.15399188201595035,0.5110382994882727,0.863600731643585,0.7583548209789699,0.4694606440723857,0.43939393939393945,0.5943396226415094,0.19999999999999996,0.26515151515151514,0.14814814814814814
pred_baseline_plus_rho,132,0.32575757575757575,0.11829767991068528,0.38479025668052586,0.9059315390645414,0.8282442179791032,0.448105558421804,0.3939393939393939,0.5943396226415094,0.12903225806451613,0.23484848484848486,0.14814814814814814
