metric,n_pairs,low_minus_high_mean,low_greater_than_high_rate,low_mean,high_mean
fragility_score,48,-0.03635784761569496,0.5,1.6614287025855738,1.6977865502012686
answer_flip_rate,48,-0.06597222222222221,0.375,0.35555555555555546,0.4215277777777778
answer_prob_drop,48,-0.034499359451478646,0.4375,0.006085913703087642,0.04058527315456629
entropy_increase,48,-0.1255063916818013,0.3541666666666667,-0.04100253077382302,0.0845038609079783
candidate_kl,48,0.07817273992509836,0.5625,0.4650589216709931,0.38688618174589484
top10_drop,48,0.017898483877424803,0.5,0.5491948457602481,0.5312963618828235
