domain,policy,n,coverage,human_review_cost,intervention_rate,automatic_accuracy,error_on_non_deferred,safe_decision_rate,false_intervention_rate,near_miss_surrogate_rate,compute_sensor_budget,preservation_when_no_change_needed,mean_output_drift,mean_entropy_drop
medical_breast_cancer,entropy_human_review,1707,0.6854130052724078,0.3145869947275923,0.0,0.9974358974358974,0.002564102564102564,0.9982425307557118,0.28763913298183946,0.0017574692442882249,0.3145869947275923,1.0,0.0,0.0
medical_breast_cancer,gradient_human_review,1707,0.6854130052724078,0.3145869947275923,0.0,0.9974358974358974,0.002564102564102564,0.9982425307557118,0.28763913298183946,0.0017574692442882249,0.3145869947275923,1.0,0.0,0.0
medical_breast_cancer,rho_guided_guarded_refine,1707,0.8295254833040422,0.1704745166959578,0.14411247803163443,0.9887005649717514,0.011299435028248588,0.9906268306971294,0.28763913298183946,0.009373169302870533,0.20650263620386644,1.0,0.0008493255029277472,0.003652846669317826
medical_breast_cancer,rho_guided_review_or_refine,1707,0.8394844756883422,0.1605155243116579,0.1540714704159344,0.9867411025819958,0.013258897418004187,0.9888693614528412,0.28763913298183946,0.011130638547158758,0.19903339191564148,1.0,0.0010797199594916958,0.004150246552659322
vision_digits_perception,entropy_human_review,5391,0.6779818215544426,0.3220181784455574,0.0,0.9972640218878249,0.0027359781121751026,0.9981450565757745,0.29493600445186424,0.001854943424225561,0.3220181784455574,1.0,0.0,0.0
vision_digits_perception,gradient_human_review,5391,0.6787237989241328,0.3212762010758672,0.0,0.9972670128450396,0.002732987154960372,0.9981450565757745,0.294194027082174,0.001854943424225561,0.3212762010758672,1.0,0.0,0.0
vision_digits_perception,rho_guided_guarded_refine,5391,0.8126507141532183,0.18734928584678168,0.13466889259877574,0.9933805067336224,0.0066194932663775395,0.9946206640697459,0.29493600445186424,0.005379335930254127,0.2210165089964756,1.0,0.002216172776053855,0.010631150116374492
vision_digits_perception,rho_guided_review_or_refine,5391,0.8408458542014469,0.15915414579855314,0.16286403264700428,0.9810280167659386,0.018971983234061327,0.9840474865516602,0.29493600445186424,0.013726581339269153,0.19987015396030422,0.9997751293006522,0.003710477845656921,0.01413126453004484
