model,gold_action,n,chosen_correct_rate,confidence_mean,rho_mean,inaccessible_confidence_mean,future_failure_rate
Qwen/Qwen2.5-0.5B,A,42,0.42857142857142855,0.34724391611589195,0.9313469627702181,0.023090782915139236,1.0
Qwen/Qwen2.5-0.5B,B,48,0.75,0.3685079493507424,0.9418637324854072,0.021314397958763387,1.0
Qwen/Qwen2.5-0.5B,C,30,0.0,0.31514615083632563,0.9273615742768807,0.022382727518023508,1.0
Qwen/Qwen2.5-0.5B,D,60,0.0,0.33887424329348875,0.9401896930591739,0.02026461806541942,1.0
Qwen/Qwen2.5-0.5B,E,60,0.0,0.3302542290445972,0.9397690834480167,0.01978551827369763,1.0
Qwen/Qwen2.5-0.5B,F,6,0.0,0.2906999281234741,0.9520923025870557,0.013926764194504065,1.0
