rho_quartile,n,rho_mean,inaccessible_confidence_mean,future_failure_rate,pre_failure_after_correct_rate,immediate_error_rate,external_support_rate
q1_low,62,0.7802696526595234,0.07367845953549454,1.0,0.1935483870967742,0.8064516129032258,0.5645161290322581
q2,61,0.9770014490829105,0.007778760763403389,1.0,0.2459016393442623,0.7540983606557377,0.5901639344262295
q3,61,0.9953899960041245,0.0015667408486567127,1.0,0.22950819672131148,0.7704918032786885,0.639344262295082
q4_high,62,0.9994252034630533,0.00020668525765994114,1.0,0.20967741935483872,0.7903225806451613,0.5483870967741935
