model,subspace_family,layer,n,rho_mean,inaccessible_confidence_mean,future_failure_rate,pre_failure_after_correct_rate,immediate_error_rate,external_support_rate
Qwen/Qwen2.5-0.5B,delta_pca,12,41,0.9992179858902076,0.000263028431021809,1.0,0.21951219512195122,0.7804878048780488,0.5853658536585366
Qwen/Qwen2.5-0.5B,delta_pca,23,41,0.9889243530637102,0.0035650009472952115,1.0,0.21951219512195122,0.7804878048780488,0.5853658536585366
Qwen/Qwen2.5-0.5B,random,12,41,0.9949688266079229,0.0016874429954377428,1.0,0.21951219512195122,0.7804878048780488,0.5853658536585366
Qwen/Qwen2.5-0.5B,random,23,41,0.9862475587875144,0.004115374780845157,1.0,0.21951219512195122,0.7804878048780488,0.5853658536585366
Qwen/Qwen2.5-0.5B,state_pca,12,41,0.7095896158604967,0.09877802343918558,1.0,0.21951219512195122,0.7804878048780488,0.5853658536585366
Qwen/Qwen2.5-0.5B,state_pca,23,41,0.9468311532025604,0.017224167833317986,1.0,0.21951219512195122,0.7804878048780488,0.5853658536585366
