model,sign,n,success_rate,answer_preserved_rate,abs_delta_entropy_mean,abs_delta_varentropy_mean,abs_delta_confidence_mean,top10_jaccard_mean,top1_changed_rate
Qwen/Qwen2.5-0.5B,decrease,36,0.4722222222222222,1.0,0.04318624814862985,0.05952529732550385,0.013662814146323818,0.9444444444444444,0.0
Qwen/Qwen2.5-0.5B,increase,36,0.4444444444444444,0.9444444444444444,0.044297491234397045,0.0627432900419305,0.014306793389436905,0.9292929292929293,0.05555555555555555
microsoft/phi-2,decrease,36,0.4444444444444444,1.0,0.04094414512918099,0.06522718874430013,0.013145408657312464,0.9494949494949494,0.0
microsoft/phi-2,increase,36,0.6388888888888888,1.0,0.046872899139541443,0.07892992813237669,0.014578723613824427,0.9797979797979798,0.0
